0,336326204749794028912525116839151974960_vsaz23
1,100299747859432627610047515402077936903_6fel4z
2,126168040974706545495205048532901760987_2_edwzdg
3,269289641468011584276288993055728289482_3gbdjl
4,110805933842216668256628513823042354641_e5odmq
5,216840111366964012373310883942009188124654984_00-028-119
6,14373867726618973499230208865653689949_rcstqd
7,154149370114719530906506079228980049581_jzyzam
8,65012421058706451056638033857225127080_5f1hxz
9,298580545461790056070668824067086412095_1ge7iy
10,228696952306570342047615701667251771590_b2neih
11,205956108575726879898714554310603705765_s7s6fq
12,100639234103668738284185740390568891009_a21pht
13,216840111366964013076187734852011220112139382_00-113-136
14,216840111366964013829543166512013330095001381_02-112-101
15,216840111366964012819207061112010257163600213_03-133-019
16,186595715860374810989731382564317430771_1i3nzc
17,199896850854392057861113582475545313005_wwwozu
18,216840111366964012810946289282010221124202259_02-118-061
19,6174079480808503132552544641449203314_wznzke
20,216840111366964012989926673512011061134640166_00-164-048
21,216840111366964013418328332882012193102816264_01-068-063
22,153571683472698148294675353591962516493_r51wg2
23,216840111366964013515091760022012317070443797_01-156-103
24,288582605784962039221985089297754559843_g2h991
25,153275915720679040687313856697296007589_3tmx0p
26,183869669560477033129875726238301384413_wxo693
27,298376901758407881964220855582102118279_2a6x19
28,216840111366964013686042548532013161114717164_02-105-118
29,216840111366964013590140476722013070185538414_02-055-035
30,33892440143527742054018736052119957312_pbf2q1
31,300779675754170647112394590541264346857_9ikleu
32,307425697517190393000988373886026837630_4mfr6q
33,233791128981101153288673856624477996414_izn8b2
34,73303572656184307011291199000449978423_sdb5dc
35,216840111366964013076187734852011229103420766_00-117-094
36,320577799975430152926304671079787191022_yf63m5
37,95556550637626269114642277596726666992_cd49gw
38,194144071862100187196752343629347035161_x7y1po
39,167806010945955773618835497238787198896_uyyotk
40,216840111366964012989926673512011159122136518_01-018-194
41,216840111366964013439197051132012220113811484_01-035-017
42,183905481080200359542584862292122046689_cti4pu
43,216840111366964012558082906712009321102528679_00-104-098
44,37821094616465103771012596524954301419_84m06c
45,232445395338409538502148856237219781556_g4f7qm
46,178859885303675306990434421316827581267_8z27hx
47,113884278580677797655650191520619032484_f90fnu
48,234980464299626524027720395532710823515_arnbky
49,216840111366964012989926673512011063112032652_00-166-063
50,212082731304373363334216672105618448783_bes2sw
51,108438646617868521566843306999486317849_fnzh36
52,93839530585867500721653439039971250279_3582y0
53,303248889716738349468449106688324717500-2_tgowqf
54,216840111366964013200840352202011313134642332_01-024-016
55,107158271411500189296635805915418249751_dltsl2
56,68722263551912885209457466381542125749_r1sw36
57,295233593205041360633907727281348595351_3dp45g
58,305683309532816831638006173715531882409_ymw2ey
59,295480430313385814927374517938021590643_xr00mi
60,205678711594061399565463980220252200655_ctxy8r
61,216840111366964012339356563862009047102706634_00-053-099
62,174779462004668685201183716079028472048_nhpsbm
63,311360772929476874947146283505250149304_hxd8m2
64,263379174866527299274676639604235793297_u8rhmk
65,216840111366964012373310883942009196082027824_00-029-023
66,312298009228152622123455619876745895370_ehqecc
67,216840111366964012922382741642010356122455656_04-000-124
68,338724070267434279342835408259690479303_xo90gh
69,151314964700254429631247199179217732405_xxa2n3
70,216840111366964012558082906712010116134449364_03-181-084
71,186130543187676644961005836624135778301-2_vvlhdq
72,216840111366964013590140476722013059163202524_02-066-078
73,216840111366964012819207061112010274113436438_03-185-013
74,152218190319509346425217028448137264585_fhmvhy
75,149446909456740928912888867442391647042_hfizjk
76,216840111366964012558082906712010123085205684_03-146-167
77,71967577074474769829580524120203431861_kiv9zf
78,216840111366964012819207061112010287104338555_03-193-080
79,211880466093868047114173212063009349969_uttdbs
80,216840111366964012989926673512011096164942271_00-190-105
81,133834049169242825047461122757328574656_hxq15r
82,216840111366964012373310883942009107122608196_00-068-192
83,193550953373006278225143143665649200094_rlemgj
84,216840111366964012819207061112010256130357908_03-128-148
85,329757290657109333591261440822835444805_u94221
86,216840111366964013274515230432012040134638772_01-095-130
87,215014668148004992015302730218732623938_b600vg
88,216840111366964012558082906712010019082403499_02-128-120
89,230910996209309295748056800933757872917_20xyn2
90,170458848344720467727173798550250500988_yivb0s
91,321244950069561986112970080684906930185_et5w2h
92,82918551233448811275634452488566836003_wkqu6d
93,216840111366964012373310883942009107132806280_00-069-106
94,216840111366964012373310883942009113092748794_00-069-061
95,216840111366964013515091760022012310173538903_01-150-062
96,7330839038897933724080744169816481223_lhj9uv
97,267275350649109974045547280672265094829_x70bqh
98,16136652887001490761167475651651268528_-bulxi
99,216840111366964013663026955732013123105101778_02-039-182
100,29076270535594076368226580795807991408-2_3u2uzq
101,137097101887636417119544541517515697572_t8foga
102,321345800936146308354309781102865237831_6oxhe6
103,275671202206620299654288947533337889603_otl41h
104,42793503874990986702901962937873423067_u57d0b
105,216840111366964013372569795892012139082834083_01-073-112
106,67928174478585849423976856028841648620_6zumzi
107,232932494651352886935187910213725327397_542k5d
108,271882460968370939094912766408939973351_om5v6v
109,216840111366964012373310883942009146112800161_00-040-083
110,204224499806387980169419318317036409873_2_a59m8y
111,320645286256727753225835536103100456629_7i36ez
112,216840111366964012558082906712010117102142995_03-175-103
113,142402046987881038220855646720260139583_yg7yhw
114,262715207444102163396464864232359763401_05fixv
115,216840111366964012922382741642010356110243278_04-001-157
116,216840111366964013217898866992011341115349406_01-005-042
117,230464754255865452313867972335080580037_wr71n5
118,216840111366964012819207061112010235082126957_02-120-196
119,191931500557096914831799762068017562900_na7ltq
120,216840111366964012948363412702011017102556921_00-125-040
121,179206083969177856606992211697523627194_pfj6ot
122,216840111366964013962490064942014113120458328_01-186-158
123,216840111366964013590140476722013081104836408_02-052-004
124,177376189154914202074035715438741342544_c2kn0w
125,102601768292585287238865129014500309827_mpqprv
126,216840111366964013590140476722013045103044872_02-068-042
127,139529531762397839981904130852121910820_d0xb0e
128,216840111366964012373310883942009166114110566_00-029-179
129,216840111366964012339356563862009071102622362_00-052-010
130,200783647578540124056975404977990744532_kvt4ed
131,327017602703488304065138047208360088193_p5zlqv
132,249694409253068272883332230662717056625_pw1ok4
133,76287465797375088242663014918307149350_7y75c7
134,216840111366964013076187734852011300102856616_01-001-196
135,181385514851957423984114075876930886946_t1bip0
136,57014399748985850915080762130398860827_qceevk
137,169715621564771123619083779910325163729_c5ntfp
138,216840111366964012768025509942010176130123119_04-006-100
139,269895967938374790985362214687864096251_p40tqd
140,55426417968515395627430826895263855372_adayo0
141,38122622250386767122832805517740447764_0grcuv
142,121278384294423580601863651433481378616_lrax2k
143,216840111366964012339356563862009040103435694_00-055-087
144,109161124703608101119989401386209879556_7m1nd4
145,7171552262118069689770786716743341383_kd4lt5
146,42052463681807310310894494973022030658_mm6z0w
147,150147016451600302226771054777079865228_4tj53s
148,297993831078776241936208696945965988486_174qgi
149,207655026083938844563724829128878360862-2_-pffsj
150,98486205036749500459973546903149348728_3_98hiwj
151,216840111366964012558082906712010074114904020_03-157-093
152,225073062994440495269972986277601960293_udrdgj
153,2214608653809155357244915895705259057_r4ghov
154,2505738031792835329527876187822530832_69avv8
155,317254834069647812553833016387539544952_5gndab
156,273840478375910845055633185344086954618_6knh66
157,216840111366964013307756408102012094101453352_01-109-101
158,216840111366964012373310883942009153173200230_00-097-133
159,99105734278462902547793477564091720738_ry6kzl
160,216840111366964013590140476722013025110729809_02-008-089
161,104361688781108817922870975179226765278_3ng3db
162,216840111366964012810946289282010224105818163_02-123-052
163,216840111366964012819207061112010274124956509_03-185-169
164,304951933768483364013857833804927019063_blxqwd
165,216840111366964013590140476722013081093647462_02-052-080
166,189883986489718870359480568951371382678_3i5scr
167,216840111366964013451228379692012291085813667_01-123-064
168,219525789228894168524584993087468671210_qsb22z
169,187214648492455718232512709137347002948_665qmx
170,216840111366964013307756408102012075124151859_01-085-109
171,168653483901001359706571684747582942641_qmqc8j
172,216840111366964012373310883942009104094145924_00-071-161
173,4372355035989091624519297557392132676_9qbjjh
174,203630365847689564627148989853888957034_jcegx8
175,237464254011980357098249388874419073811_0yyhn0
176,202609535853248420191986253845806968446_8bg098
177,216840111366964012558082906712010103120046739_03-177-194
178,24468735971852660714527100600192611604_97hozr
179,216840111366964013217898866992012005083530504_01-044-036
180,140369856898651146344130632283833318026_54dqat
181,216840111366964012819207061112010263120044022_03-133-166
182,216840111366964012487858717522009223122729503_00-006-002
183,195602194021807720669201170455273870892_2_nx9dfb
184,216840111366964012558082906712009356113420807_00-089-021
185,316701185193514413321278733443181629431_wtq7ou
186,239542427911042196017403859703703018919_2_xfrylm
187,166681496085177309697136726594650813461_4tddp2
188,328900197466511167929248074682095992194_f02w65
189,1213349135891410959176803584405221739_omjl9w
190,334188851533595284385294953019820601198_57eyx6
191,216840111366964012558082906712010081164602453_03-161-176
192,187498967718070219729635885830255440507_laei4c
193,29046259618549506915045059834604766406_rviolj
194,216840111366964013663026955732013130100817715_02-042-043
195,216840111366964012558082906712009321143229855_00-109-092
196,303749711587233420279581812693876233202_bpyslx
197,330843324044017677038319544421382003582_e69n3k
198,158845347718822678656210379855080178045_d544wl
199,216840111366964013217898866992012003112733040_01-045-100
200,216840111366964013534861372972012346173007207_01-135-030
201,17706182263416954822168036951718878934_0jux7t
202,144109521961638416551741520444137280848_x9aqmk
203,216840111366964012373310883942009120165802068_00-066-108
204,216840111366964012487858717522009215120941826_00-003-025
205,216840111366964012373310883942009168081902383_00-098-089
206,216840111366964012959786098432011034172652562_00-175-160
207,250662246086508729845131705408953085811_kxvmcs
208,158388255993699676039947475177746174336_z5gccf
209,216840111366964013076187734852011193111133615_00-144-020
210,150252442573616286870484670759208490101_yp5y6q
211,106877804923387604247187958104763885549_6zdefy
212,4691550395720118481298534258604493385_8qhggk
213,216840111366964012904401302362010334183843784_04-016-124
214,284980314597116806931040167180894175953_6ch8rr
215,75974591502093794421778024992339301472_7k0ud9
216,12705228269091418506927733217557970086_enpt8q
217,26752107135024285142920434882294967723_ts3f70
218,306428109585150066459082597985588657272_s63p5k
219,216840111366964012373310883942009162130735244_00-100-175
220,216840111366964012558082906712010123102130075_03-146-193
221,325528974514736816289555591583107319227_dwu6xb
222,56460102757547161573357282224949026047_jtj3xm
223,34397583407656969867815778270882378128_omjgxn
224,216840111366964013451228379692012256115015241_01-054-104
225,216840111366964012558082906712010015103323690_02-126-035
226,216840111366964014008416513202014167081359512_01-190-089
227,216840111366964012283393834152009030123433531_00-010-010
228,149259334823245325216976485000479380649_4y16i1
229,216840111366964012558082906712010126164551998_03-151-019
230,205130763303728570285309597228111772271_way30z
231,216840111366964013686042548532013261084759438_02-021-096
232,187747984568664397090787989310892385648_t9huts
233,216840111366964013375835044302012144110926977_01-075-120
234,199268378969999075765519109967790925016_36478j
235,145448382018818506049549898101970722974_me1jus
236,216840111366964012959786098432011027100918722_00-119-178
237,297669468622333687238349621702542089153_v10urn
238,216840111366964013217898866992012004121515281_01-048-047
239,14250462920458936389572015055078587179_0t9io7
240,216840111366964013293097335992012046132729631_01-052-013
241,297571333736643149476035832309737545962_woj66x
242,310985037477622716005800902829349865468_7nu0ro
243,38115999045420908491927275578211129798_isskga
244,170544581030529704473200453964571000454_sxp606
245,216840111366964012819207061112010258083415058_03-128-011
246,88895417930975423263148548699136619943_g0ck45
247,87707254186577884638787565326500114649_paqnk6
248,135612186790651687704385383253505931842_1k44qe
249,216840111366964013649107288022013106180455647_02-069-189
250,226480654660474978782420109439829456073_1r2e4z
251,145380459765687724716404258126556031463_gw088y
252,65342193716886061636800181759933550607_-h52v4
253,216840111366964013274515230432012038102803702_01-096-112
254,164400068288269695106145841373485849494_z3v12l
255,216840111366964012922382741642010363192307650_03-199-062
256,9266687388958009380132256780634022122_tyasdq
257,83480911206187027993855346423551865566_euaw4s
258,206764229720584440725536703526551602087_gu4jst
259,70977842953802965544730786058621267024_sgfdei
260,216840111366964014008416513202014208172433811_01-161-045
261,52108212086084187097057342856534768127_r348y6
262,142650591185699901894729221882210696796_vscvu4
263,194619634603705766567862389145405644222_873hze
264,211098384400672666381592841782955166530_2_n4vgse
265,234729300499627815078700373251539478961_iiog6o
266,216840111366964012283393834152009029122822792_00-012-172
267,2008837249800982630653687309896616305_rhzvwm
268,232078186596789900482749079261268939828_xrbzkr
269,216840111366964012959786098432011046115852691_00-175-070
270,12881543874842112697364448167305679415_ofiltu
271,216840111366964013575787468332013011134835389_02-005-107
272,26872328791344918078497355492872929925_1gyluc
273,144928919681319436255357319507315938605_5_fwtr7t
274,101336098258646592011032605062654363504_4_v5dt1l
275,216840111366964012989926673512011150104326626_01-017-037
276,216840111366964012373310883942009177111007282_00-029-073
277,115939757067418630132186456400919149677_2_a910od
278,153293345630429587186796709385680858811_3o3utl
279,216840111366964013590140476722013039125116647_02-057-095
280,234242246684485784258640937584110881644_iuickq
281,59236775026078465229260821309479318303_3j75hk
282,280049542127539896110266183814092702563_34vrc1
283,216840111366964013340662495472012114165933925_01-111-128
284,244055599479508637770365909628070881668_q2mx9s
285,216840111366964012558082906712009302091423040_00-078-112
286,216840111366964013076187734852011279150735768_01-002-049
287,106456967237699466598115236779930746825_bs14gd
288,278331963664184302199497045490520967786_k3q5lw
289,204795277237815424764020783172626743397_p805id
290,216840111366964012558082906712010099111532040_03-178-029
291,216840111366964012904401302362010327094749009_04-013-155
292,166334224662952333926086720412429285787_daal6a
293,322104729448612865477048880977107099976_qpm1ri
294,268574448266789524972779063503083058619_njclwj
295,216840111366964013297909654432012062122111238_01-087-150
296,302248072906893662893879522715228144899_f0ss5q
297,332696101446487143729227521992381394940_929atg
298,81289747839082318021332456689036741225_1y2ls4
299,216840111366964012283393834152009021083507991_00-017-117
300,132234769793487616930892945344474372595_yzl003
301,216840111366964012922382741642010355111759212_04-002-176
302,242564276091364267426468251673246574732_90dhol
303,268195931115329874060355260092116320320_2_q0reru
304,99709456005428780130790643309624786215_ts2hq9
305,216840111366964013590140476722013066095124737_02-047-022
306,183553083007453384750127142615062371349_992nhy
307,286290899999844262156186920162495407476_ldydmf
308,172492209270919106901722086600388973924_29e5ef
309,264765141497238449630489697618452281932_97aivy
310,216840111366964013217898866992012003171345019_01-044-169
311,284083233950421891710386954928396720724_iisntp
312,1265972485232636455913050756822135984_hld2hh
313,232241008113583819688090779452573164286_3bidz6
314,216840111366964012768025509942010189122043549_03-135-016
315,217540491428522442472509913669379831332_d7oprr
316,83359733169688982476297681034940274914_i3w0or
317,216840111366964013686042548532013212143202579_02-034-032
318,301225830630848431021195099742919948222_m1m8x9
319,216840111366964013916396606442014044081408719_01-180-103
320,216840111366964013402131755672012178122208423_01-142-117
321,216840111366964012558082906712010126102544350_03-151-142
322,150860842256572553225822092112339446800_u2dhvj
323,13106630204016662604685393867795998022_y4gxac
324,216840111366964013686042548532013148122340726_02-096-135
325,216840111366964012487858717522009217101720720_00-001-102
326,143862357204685612596872282461873929276_83cuis
327,216840111366964013394079738032012164085426291_01-143-119
328,228134167857447202275143174014292905436_c2u89s
329,326964262260549575090678129459335564836_dxudnj
330,65624365711868646720669698005932228684_pdrz4d
331,65767131408309476238064769025125455597_yg2xxp
332,216840111366964013686042548532013294091924184_02-088-181
333,216840111366964012989926673512011119160515420_00-187-130
334,216598608708223580698524365846443549926_atj88f
335,246312850064830034880733297114561684862_yrq3tb
336,216840111366964013916396606442014043032837426_01-182-127
337,216840111366964012904401302362010329125002878_04-024-019
338,223149869738399986911371339321970392001_k9oayh
339,294153464084033861164311815805714175449_983t38
340,125539206161936959137170418204102434145_ycqsnn
341,216840111366964012558082906712010033132003063_03-169-181
342,216840111366964013076187734852011217103112160_00-114-041
343,264359168121275185707556165145240574295_cvpmq5
344,162273872491991847293200628251865229908_316pxh
345,256140464434338658499919806795611113125_qkrp2h
346,216840111366964013307756408102012082092108806_01-088-112
347,80930422384537638393120989423725745426_79a4r4
348,216840111366964012819207061112010264125617197_03-133-018
349,154973005435718960387827017470145946745_dy8r0v
350,1275224313319801839148_01-106-133
351,24504165816915618195528469445625460740_lq0go9
352,129665784590515780451847370161631027377_xgiwev
353,216840111366964013590140476722013067104906438_02-046-061
354,216840111366964013274515230432012040112935592_01-096-040
355,216840111366964013076187734852011220095939932_00-113-118
356,216840111366964012558082906712010104183536536_03-183-033
357,216840111366964012989926673512011151190759440_01-014-070
358,262067980536352916889815386792120504225_j7blw4
359,108534198906017181315661886759936569776_pacgco
360,216840111366964012819207061112010236120730093_02-118-030
361,294568466274385941430560060116412219155_y6wpfs
362,216840111366964013217898866992012003085436875_01-045-065
363,216840111366964014008416513202014199113442592_01-164-032
364,216840111366964012558082906712009323143140910_00-107-082
365,216840111366964013590140476722013059113938447_02-066-107
366,233379435575668714705593000188543750551_zctrmw
367,216840111366964013686042548532013156122032410_02-099-114
368,216840111366964013200840352202011313132053524_01-023-135
369,314858274809507033202251388295400218490_h6hx5g
370,198158462955131210244087946799494040045_95z5tq
371,26412094540092687764873244089826596267_e45dj2
372,216840111366964013307756408102012066115412660_01-085-089
373,222620683191269652383619966939915054215_hblxvn
374,300961914216242345056412755867943080487_hoyo7b
375,322802511011077270069197815702262414586_or49w3
376,279852347481168682757954741791833979151_d6icir
377,216840111366964012922382741642011010140108968_00-126-110
378,192622287324834034073653739885844358089_8mxw6p
379,216840111366964012922382741642010349123644529_03-196-121
380,216840111366964013387968718892012156104733750_01-141-150
381,216840111366964012373310883942009204135818919_00-030-157
382,216840111366964012989926673512011157175057924_01-014-145
383,268244291725345565979170247448336671994_yyvjah
384,216840111366964013402131755672012180122543561_01-144-074
385,38709274226483681580138005139070839781_8xinpn
386,216840111366964012373310883942009153121508688_00-097-111
387,216840111366964012819207061112010234114350229_02-122-144
388,216840111366964013200840352202011313123146386_01-030-161
389,216840111366964012768025509942010189100729412_03-134-032
390,314901224816651825449481323613533373806_g56vu7
391,216840111366964012339356563862009068131405490_00-051-026
392,212414563995252278589470945332481398090_2nt2qo
393,216840111366964012558082906712010082082722429_03-159-190
394,106529197496797733063878208384334903639_l1wdt2
395,194833887663065579851683866960456193278_dd6yjd
396,110499169942921550599444274461718043155_xrwmkt
397,216840111366964013663026955732013119104256516_02-074-160
398,278974139558472533502831910167448843594_jiarnt
399,216840111366964013829543166512013312104428678_02-106-079
400,251116249698866122091431826583442088728_6oly3u
401,292253060331723796311999993288438263881_h5t47e
402,73110494748934246571661882287727002325_clsnig
403,216840111366964013217898866992012018141707341_01-044-134
404,216840111366964012487858717522009270101311535_00-017-167
405,237493757818156590483479892270897787465_k22g49
406,322257254990980933717850471505022279330_ku50v6
407,278261127874865239055858023529440516978_gg550t
408,216840111366964013663026955732013129131203567_02-036-094
409,216840111366964012339356563862009063092105877_00-050-088
410,216840111366964013686042548532013277124136529_02-085-118
411,172935634960854280395805542777505902624_75nqei
412,34248116288035856802032486193644651755_hgwiue
413,210817500111499414452751890371946772286_tj6q76
414,218901843467256013956823139660472457705_664fuf
415,332947678840870678760086119352836632701_wgey30
416,117213392246345573592126653242161059796_k0x2az
417,216840111366964013686042548532013296092645603_02-084-074
418,305763271168911033715666542284311793416_wtqysj
419,36224059645790851938817532310360823883_f37mbl
420,313306357972896653991277229940731218362_uik5nq
421,210113379952171134186210121158322532123_4jvjxh
422,216840111366964012373310883942009194094604009_00-029-173
423,216840111366964013829543166512013353124336650_02-092-182
424,270036685943423878632927942565098817673_jynycx
425,151133790040708154717049058958741429221_usbfub
426,15618592657829431269672078776407236071_orfg7b
427,78598651560020384078458350603264143014_gs958x
428,198567724871446209989566827873952029949_6lir91
429,207349227929434524423526869269766207965_dxyhah
430,5238741060722781588772210333697830475_5id08w
431,216840111366964013962490064942014129125223853_01-171-025
432,212175222605076847674766516289200221778_s03lfv
433,92933038572665942003382950066167453522_sgu3sn
434,306017313465098252260287149580896608277_2mpamy
435,216840111366964013076187734852011173090727605_01-018-196
436,137731736300453487830819238310014092455_sgyipz
437,216840111366964014008416513202014155120333065_01-196-074
438,70370208658720242510321217649333992077_rgg63c
439,305128385900774797673104490898299234541_xn22w6
440,137019000353595516089344798067524169453_3fi8tm
441,328504926870432865737226896691877523533_7j3kpg
442,216840111366964012558082906712010090112417802_03-164-016
443,216840111366964012558082906712010082121741024_03-159-192
444,180033463476025508295298793580633679146_maxn08
445,216840111366964013274515230432012038172914793_01-096-116
446,216840111366964012558082906712010074120643495_03-157-196
447,216840111366964012819207061112010249131331725_03-133-055
448,157157254237845152332216671411493632241_73hi2y
449,292377969790841981305513314882423658926_tq1fbh
450,65688086290997465598645328806193205212_ivrzjn
451,216840111366964014008416513202014156162715862_01-191-138
452,50298277513230476642796515822597060105_mcl664
453,216840111366964012734950068292010162090628513_04-011-189
454,252023501504551468529583536600194199218_bm59iz
455,182933775335997595293496221681291567151_y9vkmh
456,216840111366964012901624094902010323110131102_04-019-041
457,332789439943568068605676508597968336021_25h5ii
458,216840111366964012989926673512011075143049318_00-157-111
459,216840111366964013590140476722013038132133659_02-059-004
460,216840111366964013274515230432012032140726108_01-100-115
461,204536686036930481291390298862243768268_arcx9o
462,216840111366964012558082906712010126095539029_03-150-186
463,301399801653175946125935144734622268065_e9phmb
464,216840111366964012734950068292010131141031965_03-151-111
465,306178858373318618391459742467539365615_1vh97b
466,216840111366964012373310883942009150184922652_00-035-197
467,216840111366964012922382741642010355134230512_04-003-059
468,29089659139291009167211755407376824481_idnbrg
469,87777008277393669200784249649590079169_d4mumw
470,216840111366964013829543166512013302084858187_02-083-179
471,92308117968841756190970775266621493731_1x3gwk
472,243305970280721699035755080523934538663_9ug3yg
473,216840111366964014008416513202014195085002532_01-168-149
474,216840111366964012989926673512011066150536980_00-160-192
475,216840111366964013076187734852011257164942531_00-138-080
476,132785570786645788494776842486829583661_p5hsyx
477,336715041217990051605140035928905483077_ekclgu
478,216840111366964012339356563862009040112803625_00-049-028
479,216840111366964013829543166512013317132944767_02-109-191
480,15987256851666030615620174852236448352_uvwqsk
481,321392463067298630424662529230533258532_u76gjs
482,223648889167169675151824179864862276497_3nhe4c
483,216840111366964013076187734852011179093120659_01-020-075
484,131231241368283709408956465552494802032_lip12g
485,216840111366964013307756408102012073095035788_01-086-140
486,216840111366964012768025509942010211161014736_03-136-169
487,14070706757434166310380048717445077675_hfyprx
488,216840111366964012809176623042010216100729856_02-122-016
489,334609511016680116615900857942126174282_mn9gxo
490,86218682890707961916498671147727100648_ldanpx
491,216840111366964014008416513202014198154959661_01-166-002
492,216840111366964012734950068292010138102413851_03-146-029
493,240507300525524527554689910985535562878_5_peul4t
494,268387332720478726634131062895724579081_sgr3qj
495,212700649748818610357696759728666081945_zw8zgk
496,169089872832725092168666231127381110033_2_s7polj
497,130483300619266975366305872067775166912_boik5s
498,109111227520616165045484137776890870512_g2vxoz
499,280277560969638654933571834105506168104_am3a43
500,333673259441536819800683656779801375529_upg8ku
501,175401896188827484162661254312739972422_l4gus9
502,218334806835508748992286457325911292884_61rej4
503,148986268380643995877564005469739589334_klnryc
504,296138760445452211249694378820866957741_u920r9
505,26083135926706916787782036603296373659_fyeiww
506,216840111366964012819207061112010251125510437_03-126-020
507,67680999917549574485546354688674707687_ahbdat
508,30062149281204816217677812087406765408_awze4d
509,331578320570245151042498568843099786747_lipmcp
510,167212790505274168212860620641968702608_8iw2u7
511,291336224496213884826649300888192311723-2_d6scwf
512,163205758756186931721187993975323666130_2_ije3zk
513,321134454416031750554360650985773448384_4brw58
514,216840111366964012734950068292010138123201982_03-146-049
515,167737224622959433743089260902213249639_f2zxzj
516,96513266983417967855626319851278633611_c8j9ja
517,267611385326465042665315112692206586005_-4xiny
518,245596476029602265293900685097712927761_ap42re
519,186062051769040825245672551363800172181_91qr2b
520,132521371266491210072239329516599899055-2_hadsex
521,176737864611257483410723759234628148646_wkkrua
522,253881094789231410062147643903209734202_ral213
523,152821789286451761521222764197917566185_2_feh1dc
524,216840111366964013686042548532013232123414601_02-020-076
525,229327224566524407865166600382592555629_j1kn3t
526,284770580305983786565525132108952634122_9aqb24
527,216840111366964013076187734852011178140930656_01-013-020
528,273930766695162791576320804340060967678_bw2hpk
529,66179611320598837164128627311395338842_6ifaor
530,334405957156223030727321235321519923414_pwyjs1
531,216840111366964012734950068292010132112215704_03-150-077
532,240901793831868002350241513124822033145_bnzkfq
533,216840111366964013076187734852011192135714245_00-145-189
534,335372876842689230417977382833989591453_4ppj11
535,216840111366964013575787468332013015112447716_02-008-090
536,251624548161878566432509565379890329305_7mfvpp
537,107073335742140840267106702605200854259_npu1w5
538,216840111366964012558082906712010102120134207_03-179-016
539,13397984537697968976283522392706931880_w5iu05
540,216840111366964013686042548532013266164045819_02-022-179
541,180243163950389272339235957113798466851_g6q4wc
542,22509086828905715685939226437231363462_o93yic
543,30145712786591869263937110440189196695_f2o0c9
544,121142442953500022160045698911404387552_3usm3p
545,179190502933973330466244249463720104562_wexatk
546,284027180635758126841712259140385768687_z8ajte
547,216840111366964013829543166512013318094030900_02-115-141
548,152909065079295781905728659515198756619_tkplym
549,216840111366964012339356563862009054135106885_00-054-155
550,316882094137224670586484183340554321291_slqejk
551,297967234568843774696732207578121871330_wev269
552,149875287212901309264359560337405105999_qzk013
553,261768354266042982529981021203963147867_uvw2a3
554,113120969316215094654461221199837895388_2r3vl0
555,40928588082857006468656899457437491411_edqq07
556,216840111366964012373310883942009202112239929_00-033-190
557,174346007228562946405340242687379926879_1mpe4e
558,216840111366964012283393834152009015165352969_00-010-134
559,216840111366964012989926673512011080111949566_00-170-100
560,226700718502659116020591936751275957983_2_eaej00
561,87054857490246991263619872462266062078_y5reys
562,132891039844124215944828808512996792140_8a8kn2
563,216840111366964012810168695312010217083801288_02-118-167
564,233255373220861719403921576685485799477_dm8it5
565,259015328844671019567968048208994604522_v1gzw5
566,195631125832338805505600568298588408096-2_gv1gd4
567,216840111366964013962490064942014134122530382_01-178-077
568,177697743816990524109085358005369777364_137h6y
569,9843354214953121119984032515630785434_fe4de5
570,206157230142088398429636386026451642457_w8dng0
571,216840111366964013829543166512013333175939116_02-111-025
572,216840111366964013307756408102012068112209860_01-081-046
573,135948614864379010719055109637614767315_yuslzo
574,216840111366964013686042548532013185121208986_02-031-192
575,174405530040237913437265323792137435612_6eshrc
576,324013865175293497008611424132608778120_2_u38pz4
577,77220469449720429959389780654617849671_b8c8zt
578,142571627463800594767547845000213352980_h6yyri
579,216840111366964012558082906712010004111754467_03-120-094
580,216840111366964012487858717522009210124137682_00-030-032
581,82157833219546546531688775593545175807_erdjzm
582,216840111366964013590140476722013057103437756_02-065-083
583,216840111366964012959786098432011041103832294_00-179-059
584,216840111366964013451228379692012298103355408_01-116-066
585,285148027827789468627735040505663122604_gqulhz
586,70999583593986711300865474391231547110_323xt6
587,296274400977676767222697917968560503525_fpd21r
588,216840111366964012558082906712009356163029192_00-089-044
589,288968214471771666842617362734407749674_7ke0x7
590,216840111366964014008416513202014157091844095_01-197-175
591,216840111366964013530061063072012325165956060_01-151-174
592,150618932834193314380057406899628172265_sld5ir
593,241535228234834121625200315159299530516_372rpe
594,216840111366964013217898866992012018100820565_01-044-133
595,216840111366964013076187734852011168104217254_01-018-108
596,220150535933073881067403212480054113369_l88ghp
597,123028608450677621243655197356003102453_zz3wnu
598,133369460936188221823988525658810542994_2_xrld57
599,216840111366964012819207061112010301083634234_03-191-000
600,163005499345371331623164134227421019030_ix8h8t
601,216840111366964012558082906712010088111252096_03-159-032
602,223818092153394322354128382914716650009_b5m03l
603,216840111366964013217898866992011346151129226_01-010-083
604,216840111366964013590140476722013064184615639_02-048-003
605,333811694937262375083398893363140983583_1pyygi
606,216840111366964012558082906712010090101735460_03-164-064
607,216840111366964012373310883942009092084609290_00-069-043
608,216840111366964013418328332882012199133009989_01-066-053
609,216840111366964012373310883942009196130800793_00-029-076
610,223605348397259949073503557028664098737_ai8eue
611,303255480776018151234694097737624068933_u4p4fl
612,334282998594489713803692677843974752752_i717z7
613,42467620974862874079298635014210867341_ikg5v3
614,216840111366964012558082906712010109094720574_03-179-048
615,260749882937140048301857162320937768620_oafezv
616,216840111366964013200840352202011318084914438_01-032-072
617,53770887086652354667027470362646393249_eyojpg
618,89720507814839131967878326461565402484_hj6b77
619,241001915434676602419010912733236020673_y5idrt
620,248066041160017422567321291709196667238_qkmlrq
621,242720492169544253472783790780596129693_389rvt
622,216840111366964013590140476722013044134958508_02-062-029
623,231198817202045326119038171457236950563_1r0c9o
624,216840111366964013534861372972012342112040925_01-127-173
625,232398997284586205199127065398090840901_8v3ra8
626,216840111366964013686042548532013287135543432_02-079-091
627,42882692207034263624791168290462264499_ji4ruv
628,214359109911685859429247336316753382424_ht12dl
629,32287638864135522005594336804676427888_3zpqtv
630,96707951250491137809048076692870989782_l8hnbw
631,57759377734719629166776714191036922832_eae8gf
632,301637359198064681768682911053147346437_2_yeyrh3
633,216840111366964013686042548532013165090209460_02-105-102
634,216840111366964012558082906712010126090113065_03-150-142
635,216840111366964012373310883942009203130152681_00-031-084
636,225341556067661724652008228231993046847_ululun
637,129134190539334014946433415368729829311_353vv6
638,41230086114295696856938340529125225551_6zogln
639,196710258081124440787763304845946970329_u1ejr0
640,149396679203612440682538210065300230677_u5uyzu
641,216840111366964012819207061112010288110146577_03-187-075
642,236144290794819845120075341353004270321_epbdzz
643,119163043268067803644471628540416973935_t73wb0
644,253586622334383622022175097926745265674_iz46ug
645,176417419770028625647748132823766236522_niuhgu
646,216840111366964012989052802852011059160356290_00-179-124
647,216840111366964012734950068292010167113322828_04-003-116
648,216840111366964013402131755672012188103434649_01-068-016
649,216840111366964012989926673512011150092616369_01-016-181
650,320801338301305896431475744606078805950_b1xidw
651,173937995440568247183555412309222893524_pvxkd2
652,166111477242831542086058433390313302502_xe5he7
653,216840111366964013686042548532013288124307662_02-082-112
654,115978956780613780257008045950887909640_vi6s9r
655,90179726657187471504864244112634252771_vdn73a
656,216840111366964012558082906712010064101233621_03-156-009
657,74831009588984988233500396322239815367_pfzsnh
658,216840111366964013686042548532013156142548644_02-105-131
659,216840111366964013829543166512013312090808650_02-106-186
660,216840111366964012558082906712010064104740483_03-155-198
661,156627737950310556498511324664606191007_bann47
662,216840111366964013076187734852011185152425386_00-146-061
663,54810229393280934293937704931428128900_7w9p8e
664,216840111366964013590140476722013056123943135_02-060-095
665,216840111366964012487858717522009223124135565_00-005-134
666,261339647579188653779076656983023724804_orgcq7
667,177717913301052434192068715118808272692_izff4t
668,216840111366964012989926673512011102143628727_00-189-054
669,198089314823887752087783942455774169343_rur1f7
670,216840111366964012922382741642010354135345465_04-003-043
671,67638706685921742631188030240896119436_jj1oe2
672,152740474543992975435993866392719035291_t29hvp
673,216840111366964012558082906712010027100841993_02-124-046
674,216840111366964012373310883942009198123256173_00-031-052
675,308576847970451197244134112555181598289_lp8i5b
676,143486209079330409715847369135536955191_rsrwrj
677,158398842473582615924744266410579709440_4zytxn
678,30609039597979699484238142991924165451_niy2us
679,137031260736651525175074443445350764885_fz5be6
680,103338419639409980827929497101178466931_80s7zn
681,216840111366964012989926673512011154125619651_01-021-143
682,294534019040904489176719831909423153006_xm5cf1
683,228919717737176205475534709910357648353_xrj1i8
684,317398797068048163601500755785278054042_5g1ssu
685,16061715141617450674588701927310938317_2_inu2wv
686,320187226518042789601170959055543324564_m7jffu
687,249470413564718297250148054053072780163_cu2o47
688,47129443139069240814428329856135706080_75mrxk
689,295863131810355252498853502963897689507_2_4xlfi9
690,216840111366964013217898866992011334111526102_01-025-064
691,182096466561153606130072464079047963801_q1skib
692,207599572170619486964119512885177040653_-aaj4a
693,216840111366964012810946289282010218090931671_02-123-021
694,216840111366964012819207061112010256123818075_03-128-060
695,51038914901749790331070040170393308614_84dxyx
696,95995222976834670829058242472181194930_y8qrq3
697,216840111366964013076187734852011256115343002_00-138-064
698,156866566539664270212032817633545635469_o8trrb
699,188787607411629618764893115688238624052_if257a
700,213814774540068953627569352776202782605_m80ijh
701,216840111366964013686042548532013184130047036_02-029-124
702,252154997930560631144970534706820840037_ls71u1
703,216840111366964012373310883942009189091646294_00-026-153
704,215486531423090353977981483083078514256_c1r4nk
705,182008104520773403042561310133639753632_k67szn
706,48233392560773649005449633386317879512_gp5z6y
707,10264774615361079899421209816742169428_nz4jaf
708,140436875163164153584527576374683546118_v7m6p0
709,175888904145199021091676951238618360911_6yfqz9
710,331485358468626640187313833514825487988-2_kar80i
711,216840111366964013534861372972012331174647696_01-130-113
712,216840111366964013076187734852011283090625796_00-199-032
713,237728587998980074704059890102052806346_jprefl
714,234158370572840466157805804385501399821_ooj3tn
715,216840111366964013590140476722013031092010682_02-015-168
716,216840111366964012558082906712010130104028308_03-149-062
717,78596023008186681465603603740461954482_ybkc8z
718,234206562385662437363061004424148061974_7l2whz
719,300333602764369748491294659580023541713_tfdwzx
720,191675672688461738453791791562986582309_ldnrub
721,216840111366964013575787468332013016094702160_02-004-133
722,216840111366964012558082906712010022103248831_03-120-183
723,216840111366964012558082906712010018110922991_02-127-076
724,151111061017502582281970849912286220545_lh610q
725,216840111366964013530061063072012321114938542_01-147-013
726,169948098434883698099144060382443493898_bwpklj
727,216840111366964012819207061112010278111119534_03-186-030
728,216840111366964012558082906712009328115143124_00-092-030
729,240632206911475656320089974154558294433_5xjob7
730,45708456843704547559563229705230614100_jna7vf
731,98774349787396671437485331068132576856_upst3h
732,40731130317875320708034699998920253883_s2ej8s
733,302896083137711346742311270606801131989_ci6b06
734,70774301148045406997960814534468716709_lsixg1
735,61871761941502719002708084933055223673_dep3a9
736,7577775424749240519371510525157673607_6020nd
737,17239837547266764973925883582094489765_1oqlbj
738,144165620465249095677705452988089697105_ckyg3v
739,216840111366964012487858717522009288124258854_00-076-091
740,81767829487587880537856949514043937426_lnjx3d
741,229255974581558709128950203831127223151_7gc0zl
742,216840111366964012373310883942009098135038614_00-065-094
743,107896670649466959943528865810374148479_wk5807
744,326768094237953473442007443798046960677_5n2ik4
745,112374692944240212493477453186537801287_duan25
746,159772905378058678775773765104407125062_5s6c8y
747,37011243220924632936392444924047124451_rfoiuv
748,216840111366964013590140476722013031102728422_02-015-171
749,216840111366964012989926673512011157113430281_01-020-162
750,9304762138931089897191714574656580746_s1968b
751,1956524805774681219593719678503426339_lp9enr
752,216840111366964013274515230432012027093941640_01-039-185
753,326625831851554557528686378616219546040_-elqqx
754,237182810245596250436964917918460374559_f662ma
755,72001400046581209756860211784417488885_1htg4s
756,114894323244791903144959230514505843231_wn1lx5
757,254047843634639579444742353078753863666_p1khjm
758,216840111366964012989926673512011067115643665_00-162-089
759,25980649316619820906423081260043520464_gvsee0
760,84626785700140722295172272922689621389_l2sfea
761,216840111366964012768025509942010195133106821_03-142-032
762,37271426047355427681036462357759233067_0ta8fu
763,273664725560283716770973446174776720779_ophz0f
764,216840111366964012487858717522009288162851682_00-076-178
765,216840111366964013962490064942014120144723819_01-195-011
766,229849666815863306230423351181588911750_z3d2t6
767,216840111366964012558082906712010049194050578_03-168-141
768,247038543581045036239112520838799349270_atdx6z
769,216840111366964013307756408102012088112531553_01-091-127
770,294277257517832662316898718773785524416_ediicb
771,216840111366964012989926673512011131130808585_00-155-122
772,216840111366964012989926673512011080124845505_00-170-098
773,249671024958616075342926552327800102486_536vls
774,268494446098556558404289399804715352275_5p3f39
775,234854974645056634514562378912216297110_u28f4h
776,279245142805265049289590462758613322007_7nxjce
777,216840111366964013200840352202011304122158479_01-001-151
778,263311076439125150587650471306474654608_x4geyj
779,18170444478498428890131546156984035709_134g5w
780,321424198364426324265836826189260733054_obkeqt
781,269998996715349994923551850120303789216_y0nkuv
782,216840111366964012734950068292010148171451007_03-150-024
783,76409640870683819897956731685938308571_qb79om
784,216840111366964013076187734852011203125530365_00-113-132
785,216840111366964012948363412702011020171717644_00-122-016
786,216840111366964013334747595492012096121820191_01-107-108
787,63966649690841560578545363602389956966_ewdu2d
788,201765369755897178742289796946205433842_36v305
789,297331547367750837513427262735619403999_7ml52o
790,18432423555612948805087365501362704971_ym3g4q
791,216840111366964012989926673512011129082133326_00-148-123
792,217526187465298622547017602560388015297_xpa6zv
793,280183105377624813469601157135314676201_u4kab1
794,216840111366964012819207061112010279181216468_03-192-033
795,229251209641526841598529983116649633599_bkrruk
796,216840111366964013534861372972013007110235754_02-007-043
797,299773022822297178928396213737052451433_csnijb
798,185304477174742010264169524846843114230_71b9vn
799,172827268784454249605669787506417054171_mn8p79
800,136281193445506544640657363922413599089_panxzz
801,106666116303067354280038760425008041302_ohxd3t
802,216840111366964012373310883942009145182648514_00-036-044
803,81712331194155509979525844751847825230_vsm4b9
804,216840111366964012989926673512011105095502809_00-185-099
805,152539924878752758071257760069608863432_ljqpbb
806,5655552939562397218762235052143059365_6uhhbi
807,32995652150838644543953296130414366692_p83nt5
808,17687654823075162894327869355037898156_wxq1mo
809,158461794399384844513125060019866485601_9040du
810,261056080467824200904003511374728103272_133rc3
811,216840111366964013962490064942014132123041908_01-176-101
812,168486941453166332644790629067811136822_0yrs9r
813,82977527784361586844459778984423250438_nnejyc
814,268557403607526726069262615685844808873_yxgina
815,28753966717384878552172419373198893194_z3a3sb
816,208313720730712588669214692428155110208_qrob05
817,320950638707055883416827069868116076125_jjmul1
818,264067051898164519572867263435815422106_mwd9au
819,216840111366964013686042548532013193122018855_02-033-088
820,31769839978391161340785036281068681033_cx63f9
821,216840111366964013686042548532013206184307343_02-028-194
822,216840111366964012768025509942010181090526488_04-006-054
823,216840111366964012922382741642010356095140825_03-194-135
824,205603457329162261624546407130581151869_ya40do
825,216840111366964013534861372972012326131016738_01-158-113
826,216840111366964012283393834152009020101622899_00-011-033
827,216840111366964012558082906712010076095505411_03-160-091
828,57184779861538546567823316388085550720_06rtai
829,313357267337844837268531835567910834668_p3aav2
830,211871903600194179357772811264223801803_h9whrq
831,219086683677159049507691781493153756793_8lqw80
832,330789771325396290737205308672334095848_yjl22e
833,3527843935424277424025879480511614056_6i9e4v
834,81174146762871501006785561455374561564_2_toj6vb
835,74388539708060570979344954479856645498_tzputu
836,216840111366964013076187734852011278114628006_00-193-165
837,238569918018133418388914360874480585570_8tpya3
838,298587612291476617374010251915969485228_rflfsi
839,216840111366964012819207061112010266181621814_03-125-033
840,337109046165373325977673799550370034953_vzeln7
841,216840111366964013274515230432012044083707314_01-098-190
842,164900946208447677445867374973354560675_ww78a2
843,190982161191095071906882535813256029076_e4lad3
844,206352152545986445518368484157654798559_k76c3d
845,321408474971877926823154117774489907528_81rtwc
846,262800872951205422583015883273324097638_dqs5js
847,133131044211226408836032749226491765797_tluihe
848,216840111366964013534861372972012338152600864_01-130-042
849,216840111366964013370802480092012137093114299_01-076-010
850,149534980441388070380995164145612490375_6gfx6e
851,216840111366964013217898866992012003112329008_01-045-019
852,216840111366964013418328332882012200133247131_01-064-188
853,216840111366964012948363412702011017134919993_00-125-195
854,1275224313319801047874_02-128-013
855,216840111366964012558082906712010057113658527_03-161-129
856,126081710913524706128665448265667460446_ggxywe
857,109629994783055558159663901799709452741_lp06ih
858,279662114590302415844085481211050220071_8i3m80
859,216840111366964012904401302362010339124208160_03-196-064
860,115008224852512311684333915544316921428_lfb5k9
861,216840111366964012487858717522009233160351046_00-001-153
862,216840111366964013590140476722013036125508037_02-058-173
863,91282383757717243626303001230087327985_r24nt9
864,61539805241390854176130451182268504239_jtkn6z
865,59616120418729632679316271905936324512_bqtk0f
866,70943193005330994910830335666044378352_zrkzyb
867,6707331425958376384638455273650106991_dw0v7y
868,216840111366964013076187734852011272092219806_00-135-042
869,169953370969518004784790445496294782667_ny1twb
870,243319974024877176761071758705642785111_2sypln
871,56753050424257881940207118953532701542_dkkq7o
872,178256561549087571273478382200756961587_tq36rz
873,216840111366964012768025509942010176095306282_04-006-113
874,86090901876492707810699255097945421499_vophc7
875,61730868838280021833089957055242566691_h8wt40
876,216840111366964012734950068292010132105523907_03-150-117
877,126379745589939166540935263535791426946_sw0ui0
878,216840111366964013076187734852011222110039264_00-118-187
879,304514216651777334328554230033164892978_d5vbxa
880,280706091898213985871431208949337565620_0xbwlj
881,38382150874999098586066870476670802476_4iajc0
882,178472310639230726062421887313483825834_1qpxow
883,233733835300268664895264244852226880833_lljepz
884,228927078935559502788070922534074036556_24r16d
